3266,3068,AUTRE,809,324,381,53,1953,3244,3172,3295,778,1284,3045,1436,518,13041,3443,01325,1047,707,1868,315,1370,67,3,3296,35,1801,273,30310,835,4,1595
marathon/static/data\319309273_6118836224899374_1526423061814566126_n_jpg.rf.efe8d9d3a3fd1ae882119d4a1890bd03.jpg,marathon/static/data\319309273_6118836224899374_1526423061814566126_n_jpg.rf.efe8d9d3a3fd1ae882119d4a1890bd03.jpg,,marathon/static/data\330964649_916308313122996_7042216905832680639_n_jpg.rf.3b1e9a468657086d5b3cb287ab10536b.jpg,marathon/static/data\330980290_2974985172644823_2683293368185896610_n_jpg.rf.4d47b765823c7e9f30a7c94ca63f389b.jpg,marathon/static/data\330980290_2974985172644823_2683293368185896610_n_jpg.rf.4d47b765823c7e9f30a7c94ca63f389b.jpg,marathon/static/data\331049671_1371912543638855_5363684757208528346_n_jpg.rf.113bb12df3ce6918392f6e92b0ceb714.jpg,marathon/static/data\331049671_1371912543638855_5363684757208528346_n_jpg.rf.113bb12df3ce6918392f6e92b0ceb714.jpg,marathon/static/data\331061712_567451591968050_4009780395278188742_n_jpg.rf.647fcf5a40d214e7358546fa99381bb8.jpg,marathon/static/data\331061712_567451591968050_4009780395278188742_n_jpg.rf.647fcf5a40d214e7358546fa99381bb8.jpg,marathon/static/data\331345158_6120126278033368_441494516199535174_n_jpg.rf.d1ac50834b6a55a63819beffa7be0fe6.jpg,marathon/static/data\331412438_485942960225606_3731629936695437625_n_jpg.rf.89f4302fc3ac6dfeb32ef79c588e9f62.jpg,marathon/static/data\331413866_604771448331527_2718062847427436956_n_jpg.rf.7aeac648190ead0c3f00e08732e4b63a.jpg,marathon/static/data\331413866_604771448331527_2718062847427436956_n_jpg.rf.7aeac648190ead0c3f00e08732e4b63a.jpg,marathon/static/data\331423768_1179437209435227_4108576891929926332_n_jpg.rf.1ad219358ae1bb5363c3ea321bb25770.jpg,marathon/static/data\331489011_1206770236879985_8546824597910077194_n_jpg.rf.c4744aebcad5522f84658fdc92f2fd2c.jpg,marathon/static/data\331497709_667911715337366_6157017398798889168_n_jpg.rf.2c2f15740950e942966346c3954202b7.jpg,marathon/static/data\331497709_667911715337366_6157017398798889168_n_jpg.rf.2c2f15740950e942966346c3954202b7.jpg,marathon/static/data\331497709_667911715337366_6157017398798889168_n_jpg.rf.2c2f15740950e942966346c3954202b7.jpg,marathon/static/data\331497709_667911715337366_6157017398798889168_n_jpg.rf.2c2f15740950e942966346c3954202b7.jpg,marathon/static/data\331500405_942274550148215_474185396370952114_n_jpg.rf.e9ed2fa979fe3f1049f72f24a32889aa.jpg,marathon/static/data\331500405_942274550148215_474185396370952114_n_jpg.rf.e9ed2fa979fe3f1049f72f24a32889aa.jpg,marathon/static/data\331501085_5599207350191160_6425581423275261224_n_jpg.rf.15f85a2d93af4dca258f4d02f87d34a3.jpg,marathon/static/data\331501472_734213031546578_3268575080813217804_n_jpg.rf.9b8e2e793448bddf09b9baac390d9044.jpg,marathon/static/data\331502090_1367626437327640_4640067370393359283_n_jpg.rf.8f24b49838acade76cb5273e1541a6c2.jpg,marathon/static/data\331502090_1367626437327640_4640067370393359283_n_jpg.rf.8f24b49838acade76cb5273e1541a6c2.jpg,marathon/static/data\331503033_3474812626122916_3150440562186705776_n_jpg.rf.c89ba18042401cc3e21ba53857cf14ef.jpg,marathon/static/data\331507311_1388110428394076_5137660518793978796_n_jpg.rf.bca4339770780d8b0d4bd3d532e0e1f5.jpg,marathon/static/data\331512825_927924691547975_8859993909462341782_n_jpg.rf.8cdacf68997259f4b67763d3b2541bf8.jpg,marathon/static/data\331513163_871815460706210_5579698499991712230_n_jpg.rf.aef9cd697bf914b729f518a9a4dad322.jpg,marathon/static/data\331513807_998087904498732_8222329127600539861_n_jpg.rf.3d2158efdb776da8e28e53ce6fe2fabd.jpg,marathon/static/data\331538860_1376374226516628_8287821925949159525_n.jpg,marathon/static/data\331544890_1369792733834311_8563567315224399223_n.jpg,marathon/static/data\331544890_1369792733834311_8563567315224399223_n.jpg
,,marathon/static/data\328956303_733991358169904_4294838335292437967_n_jpg.rf.39aabb5a2503b44948cd931365d4c33a.jpg,,,,,,,,,,,,,,,,,,,,,,,,,,,,,,,
,,marathon/static/data\330966574_588861806094561_4505789010480392550_n_jpg.rf.37d22a8fb1f60633918ff85bd335235c.jpg,,,,,,,,,,,,,,,,,,,,,,,,,,,,,,,
,,marathon/static/data\331411080_1125186208153075_8196374320372057790_n_jpg.rf.305ed0a9ffa3fd9e12caee11b35a7949.jpg,,,,,,,,,,,,,,,,,,,,,,,,,,,,,,,
,,marathon/static/data\331487973_737534281056825_657060214895784051_n_jpg.rf.ddbb2fa9c640179a6575944cfd660e94.jpg,,,,,,,,,,,,,,,,,,,,,,,,,,,,,,,
,,marathon/static/data\331501061_761881105130589_4438375105128919220_n_jpg.rf.808f1b37c7ccf4c27d1de00b89fe2e44.jpg,,,,,,,,,,,,,,,,,,,,,,,,,,,,,,,
,,marathon/static/data\331502600_862968158147552_2776538323699459671_n_jpg.rf.8100f1c5c3abd827d3b9609394cd44aa.jpg,,,,,,,,,,,,,,,,,,,,,,,,,,,,,,,
,,marathon/static/data\331511748_5940124439377425_4051001594940608935_n_jpg.rf.2a17951a71a6f7fd1f1aad8550cd6e5c.jpg,,,,,,,,,,,,,,,,,,,,,,,,,,,,,,,
,,marathon/static/data\331513333_909601196738523_5801708559721256524_n_jpg.rf.43c74195392ed341f916102322fdd859.jpg,,,,,,,,,,,,,,,,,,,,,,,,,,,,,,,
